<?xml version="1.0" encoding="UTF-8"?>
<metadata xml:lang="en"><Esri><CreaDate>20150114</CreaDate><CreaTime>08322700</CreaTime><ArcGISFormat>1.0</ArcGISFormat><SyncOnce>FALSE</SyncOnce><DataProperties><itemProps><itemName Sync="TRUE">Signs</itemName><imsContentType Sync="TRUE">002</imsContentType><itemLocation><linkage Sync="TRUE">file://\\DOT-6JVYQH1\Parking_Regulation_Shapefile\Parking-Regulation_Shapefile\Parking_Regulations_WGS84</linkage><protocol Sync="TRUE">Local Area Network</protocol></itemLocation></itemProps><coordRef><type Sync="TRUE">Projected</type><geogcsn Sync="TRUE">GCS_North_American_1983</geogcsn><csUnits Sync="TRUE">Linear Unit: Foot_US (0.304801)</csUnits><projcsn Sync="TRUE">NAD_1983_StatePlane_New_York_Long_Island_FIPS_3104_Feet</projcsn><peXml Sync="TRUE">&lt;ProjectedCoordinateSystem xsi:type='typens:ProjectedCoordinateSystem' xmlns:xsi='http://www.w3.org/2001/XMLSchema-instance' xmlns:xs='http://www.w3.org/2001/XMLSchema' xmlns:typens='http://www.esri.com/schemas/ArcGIS/10.1'&gt;&lt;WKT&gt;PROJCS[&amp;quot;NAD_1983_StatePlane_New_York_Long_Island_FIPS_3104_Feet&amp;quot;,GEOGCS[&amp;quot;GCS_North_American_1983&amp;quot;,DATUM[&amp;quot;D_North_American_1983&amp;quot;,SPHEROID[&amp;quot;GRS_1980&amp;quot;,6378137.0,298.257222101]],PRIMEM[&amp;quot;Greenwich&amp;quot;,0.0],UNIT[&amp;quot;Degree&amp;quot;,0.0174532925199433]],PROJECTION[&amp;quot;Lambert_Conformal_Conic&amp;quot;],PARAMETER[&amp;quot;False_Easting&amp;quot;,984250.0],PARAMETER[&amp;quot;False_Northing&amp;quot;,0.0],PARAMETER[&amp;quot;Central_Meridian&amp;quot;,-74.0],PARAMETER[&amp;quot;Standard_Parallel_1&amp;quot;,40.66666666666666],PARAMETER[&amp;quot;Standard_Parallel_2&amp;quot;,41.03333333333333],PARAMETER[&amp;quot;Latitude_Of_Origin&amp;quot;,40.16666666666666],UNIT[&amp;quot;Foot_US&amp;quot;,0.3048006096012192],AUTHORITY[&amp;quot;EPSG&amp;quot;,2263]]&lt;/WKT&gt;&lt;XOrigin&gt;-120039300&lt;/XOrigin&gt;&lt;YOrigin&gt;-96540300&lt;/YOrigin&gt;&lt;XYScale&gt;3048.0060960121914&lt;/XYScale&gt;&lt;ZOrigin&gt;-100000&lt;/ZOrigin&gt;&lt;ZScale&gt;10000&lt;/ZScale&gt;&lt;MOrigin&gt;-100000&lt;/MOrigin&gt;&lt;MScale&gt;10000&lt;/MScale&gt;&lt;XYTolerance&gt;0.0032808333333333335&lt;/XYTolerance&gt;&lt;ZTolerance&gt;0.001&lt;/ZTolerance&gt;&lt;MTolerance&gt;0.001&lt;/MTolerance&gt;&lt;HighPrecision&gt;true&lt;/HighPrecision&gt;&lt;WKID&gt;102718&lt;/WKID&gt;&lt;LatestWKID&gt;2263&lt;/LatestWKID&gt;&lt;/ProjectedCoordinateSystem&gt;</peXml></coordRef><lineage><Process ToolSource="c:\program files (x86)\arcgis\desktop10.1\ArcToolbox\Toolboxes\Data Management Tools.tbx\CopyFeatures" Date="20130104" Time="080916">CopyFeatures D:\SimsConv\Data\SIMS_old.gdb\Signs D:\SimsConv\Data\SIMS.gdb\Signs # 0 0 0</Process><Process ToolSource="C:\Program Files (x86)\ArcGIS\Desktop10.0\ArcToolbox\Toolboxes\Data Management Tools.tbx\CalculateField" Date="20150113" Time="100221">CalculateField Signs SIGNDESC1 SIGNDESC VB #</Process><Process ToolSource="C:\Program Files (x86)\ArcGIS\Desktop10.0\ArcToolbox\Toolboxes\Data Management Tools.tbx\CalculateField" Date="20150113" Time="100544">CalculateField Signs SIGNDESC1 SIGNDESC VB #</Process><Process ToolSource="C:\Program Files (x86)\ArcGIS\Desktop10.0\ArcToolbox\Toolboxes\Data Management Tools.tbx\CalculateField" Date="20150113" Time="100641">CalculateField Signs SIGNDESC1 SIGNDESC VB #</Process><Process ToolSource="C:\Program Files (x86)\ArcGIS\Desktop10.0\ArcToolbox\Toolboxes\Data Management Tools.tbx\CalculateField" Date="20150113" Time="100838">CalculateField Signs SIGNDESC1 SIGNDESC VB #</Process><Process ToolSource="C:\Program Files (x86)\ArcGIS\Desktop10.0\ArcToolbox\Toolboxes\Data Management Tools.tbx\CalculateField" Date="20150113" Time="100918">CalculateField Signs SIGNDESC1 [SIGNDESC] VB #</Process><Process ToolSource="C:\Program Files (x86)\ArcGIS\Desktop10.0\ArcToolbox\Toolboxes\Data Management Tools.tbx\CalculateField" Date="20150113" Time="101025">CalculateField Signs SIGNDESC1 [SIGNDESC] VB #</Process><Process ToolSource="C:\Program Files (x86)\ArcGIS\Desktop10.0\ArcToolbox\Toolboxes\Data Management Tools.tbx\CalculateField" Date="20150113" Time="103027">CalculateField Signs SIGNDESC1 "Left ( [SIGNDESC1],( Instr (1, [SIGNDESC1] , "SUPER") -2))" VB #</Process><Process ToolSource="C:\Program Files (x86)\ArcGIS\Desktop10.0\ArcToolbox\Toolboxes\Data Management Tools.tbx\CalculateField" Date="20150113" Time="103416">CalculateField Signs SIGNDESC1 "Left ( [SIGNDESC1],( Instr (1, [SIGNDESC1] , "REPLACE") -2))" VB #</Process><Process ToolSource="C:\Program Files (x86)\ArcGIS\Desktop10.0\ArcToolbox\Toolboxes\Data Management Tools.tbx\CalculateField" Date="20150113" Time="104023">CalculateField Signs SIGNDESC1 "Left ( [SIGNDESC1],( Instr (1, [SIGNDESC1] , "SEE") -2))" VB #</Process><Process ToolSource="C:\Program Files (x86)\ArcGIS\Desktop10.0\ArcToolbox\Toolboxes\Data Management Tools.tbx\CalculateField" Date="20150113" Time="104133">CalculateField Signs SIGNDESC1 "Left ( [SIGNDESC1],( Instr (1, [SIGNDESC1] , "REVISE") -2))" VB #</Process><Process ToolSource="C:\Program Files (x86)\ArcGIS\Desktop10.0\ArcToolbox\Toolboxes\Data Management Tools.tbx\CalculateField" Date="20150113" Time="104455">CalculateField Signs SIGNDESC1 "Left ( [SIGNDESC1],( Instr (1, [SIGNDESC1] , "USE") -2))" VB #</Process><Process ToolSource="C:\Program Files (x86)\ArcGIS\Desktop10.0\ArcToolbox\Toolboxes\Data Management Tools.tbx\CalculateField" Date="20150113" Time="104600">CalculateField Signs SIGNDESC1 "Left ( [SIGNDESC1],( Instr (1, [SIGNDESC1] , "NOTE") -2))" VB #</Process><Process ToolSource="C:\Program Files (x86)\ArcGIS\Desktop10.0\ArcToolbox\Toolboxes\Data Management Tools.tbx\CalculateField" Date="20150113" Time="104702">CalculateField Signs SIGNDESC1 "Left ( [SIGNDESC1],( Instr (1, [SIGNDESC1] , "INSTALL") -2))" VB #</Process><Process ToolSource="C:\Program Files (x86)\ArcGIS\Desktop10.0\ArcToolbox\Toolboxes\Data Management Tools.tbx\CalculateField" Date="20150113" Time="105009">CalculateField Signs SIGNDESC1 "Left ( [SIGNDESC1],( Instr (1, [SIGNDESC1] , "DO NOT") -2))" VB #</Process><Process ToolSource="C:\Program Files (x86)\ArcGIS\Desktop10.0\ArcToolbox\Toolboxes\Data Management Tools.tbx\CalculateField" Date="20150113" Time="105207">CalculateField Signs SIGNDESC1 "Left ( [SIGNDESC1],( Instr (1, [SIGNDESC1] , "VOID") -2))" VB #</Process><Process ToolSource="C:\Program Files (x86)\ArcGIS\Desktop10.0\ArcToolbox\Toolboxes\Data Management Tools.tbx\CalculateField" Date="20150113" Time="105347">CalculateField Signs SIGNDESC1 "Left ( [SIGNDESC1],( Instr (1, [SIGNDESC1] , "CORRECTED") -2))" VB #</Process><Process ToolSource="C:\Program Files (x86)\ArcGIS\Desktop10.0\ArcToolbox\Toolboxes\Data Management Tools.tbx\CalculateField" Date="20150113" Time="105507">CalculateField Signs SIGNDESC1 "Left ( [SIGNDESC1],( Instr (1, [SIGNDESC1] , "(TO BE") -2))" VB #</Process><Process ToolSource="C:\Program Files (x86)\ArcGIS\Desktop10.0\ArcToolbox\Toolboxes\Data Management Tools.tbx\CalculateField" Date="20150113" Time="105605">CalculateField Signs SIGNDESC1 "Left ( [SIGNDESC1],( Instr (1, [SIGNDESC1] , "SAME AS") -2))" VB #</Process><Process ToolSource="C:\Program Files (x86)\ArcGIS\Desktop10.0\ArcToolbox\Toolboxes\Data Management Tools.tbx\CalculateField" Date="20150113" Time="105657">CalculateField Signs SIGNDESC1 "Left ( [SIGNDESC1],( Instr (1, [SIGNDESC1] , "(REV") -2))" VB #</Process><Process ToolSource="C:\Program Files (x86)\ArcGIS\Desktop10.0\ArcToolbox\Toolboxes\Data Management Tools.tbx\CalculateField" Date="20150113" Time="105850">CalculateField Signs SIGNDESC1 "Left ( [SIGNDESC1],( Instr (1, [SIGNDESC1] , "(BACK ") -2))" VB #</Process><Process ToolSource="C:\Program Files (x86)\ArcGIS\Desktop10.0\ArcToolbox\Toolboxes\Data Management Tools.tbx\CalculateField" Date="20150113" Time="105946">CalculateField Signs SIGNDESC1 "Left ( [SIGNDESC1],( Instr (1, [SIGNDESC1] , "(BLANK") -2))" VB #</Process><Process ToolSource="C:\Program Files (x86)\ArcGIS\Desktop10.0\ArcToolbox\Toolboxes\Data Management Tools.tbx\CalculateField" Date="20150113" Time="110153">CalculateField Signs SIGNDESC1 "3 HOUR METERED PARKING COMMERCIAL VEHICLES ONLY OTHERS NO STANDING MONDAY-FRIDAY 8AM-6PM" VB #</Process><Process ToolSource="C:\Program Files (x86)\ArcGIS\Desktop10.0\ArcToolbox\Toolboxes\Data Management Tools.tbx\CalculateField" Date="20150113" Time="110524">CalculateField Signs SIGNDESC1 "Left ( [SIGNDESC1],( Instr (1, [SIGNDESC1] , "XYY") -2))" VB #</Process><Process ToolSource="C:\Program Files (x86)\ArcGIS\Desktop10.0\ArcToolbox\Toolboxes\Data Management Tools.tbx\CalculateField" Date="20150113" Time="110632">CalculateField Signs SIGNDESC1 "Left ( [SIGNDESC1],( Instr (1, [SIGNDESC1] , "XX:") -2))" VB #</Process><Process ToolSource="C:\Program Files (x86)\ArcGIS\Desktop10.0\ArcToolbox\Toolboxes\Data Management Tools.tbx\CalculateField" Date="20150113" Time="110733">CalculateField Signs SIGNDESC1 "Left ( [SIGNDESC1],( Instr (1, [SIGNDESC1] , "NO ENGINE IDLING MAX FINE") -2))" VB #</Process><Process ToolSource="C:\Program Files (x86)\ArcGIS\Desktop10.0\ArcToolbox\Toolboxes\Data Management Tools.tbx\CalculateField" Date="20150113" Time="110840">CalculateField Signs SIGNDESC1 "Left ( [SIGNDESC1],( Instr (1, [SIGNDESC1] , "MAX FINE") -2))" VB #</Process><Process ToolSource="C:\Program Files (x86)\ArcGIS\Desktop10.0\ArcToolbox\Toolboxes\Data Management Tools.tbx\CalculateField" Date="20150113" Time="110934">CalculateField Signs SIGNDESC1 "ATTENTION DRIVERS IDLING LAW ENFORCED" VB #</Process><Process ToolSource="C:\Program Files (x86)\ArcGIS\Desktop10.0\ArcToolbox\Toolboxes\Data Management Tools.tbx\CalculateField" Date="20150113" Time="111040">CalculateField Signs SIGNDESC1 "CONSUL / DIPLOMAT CODING RIDER" VB #</Process><Process ToolSource="C:\Program Files (x86)\ArcGIS\Desktop10.0\ArcToolbox\Toolboxes\Data Management Tools.tbx\CalculateField" Date="20150113" Time="111200">CalculateField Signs SIGNDESC1 "CONSUL / DIPLOMAT CODING RIDER" VB #</Process><Process ToolSource="C:\Program Files (x86)\ArcGIS\Desktop10.0\ArcToolbox\Toolboxes\Data Management Tools.tbx\CalculateField" Date="20150113" Time="111350">CalculateField Signs SIGNDESC1 "PAY AT MUNI-METER LOCATED AROUND THE CORNER" VB #</Process><Process ToolSource="C:\Program Files (x86)\ArcGIS\Desktop10.0\ArcToolbox\Toolboxes\Data Management Tools.tbx\CalculateField" Date="20150113" Time="111456">CalculateField Signs SIGNDESC1 "ADVISORY SPEED PLATE" VB #</Process><Process ToolSource="C:\Program Files (x86)\ArcGIS\Desktop10.0\ArcToolbox\Toolboxes\Data Management Tools.tbx\CalculateField" Date="20150113" Time="111758">CalculateField Signs SIGNDESC1 "BUS LANE TOW &amp; FINE" VB #</Process><Process ToolSource="C:\Program Files (x86)\ArcGIS\Desktop10.0\ArcToolbox\Toolboxes\Data Management Tools.tbx\CalculateField" Date="20150113" Time="111930">CalculateField Signs SIGNDESC1 "BUS STOP SIGN (BUS &amp; HANDICAP SYMBOLS)" VB #</Process><Process ToolSource="C:\Program Files (x86)\ArcGIS\Desktop10.0\ArcToolbox\Toolboxes\Data Management Tools.tbx\CalculateField" Date="20150113" Time="112358">CalculateField Signs SIGNDESC1 "HARD HAT (SYMBOL) TEMPORARY CONSTRUCTION REGULATION" VB #</Process><Process ToolSource="C:\Program Files (x86)\ArcGIS\Desktop10.0\ArcToolbox\Toolboxes\Data Management Tools.tbx\CalculateField" Date="20150113" Time="112512">CalculateField Signs SIGNDESC1 "Left ( [SIGNDESC1],( Instr (1, [SIGNDESC1] , "(RIDER)") -2))" VB #</Process><Process ToolSource="C:\Program Files (x86)\ArcGIS\Desktop10.0\ArcToolbox\Toolboxes\Data Management Tools.tbx\CalculateField" Date="20150113" Time="112626">CalculateField Signs SIGNDESC1 "HEAD IN 90 (DEGREE) PARKING ONLY (SINGLE ARROW)" VB #</Process><Process ToolSource="C:\Program Files (x86)\ArcGIS\Desktop10.0\ArcToolbox\Toolboxes\Data Management Tools.tbx\CalculateField" Date="20150113" Time="112813">CalculateField Signs SIGNDESC1 "HEAD IN 90 (DEGREE) PARKING ONLY &lt;---&gt;" VB #</Process><Process ToolSource="C:\Program Files (x86)\ArcGIS\Desktop10.0\ArcToolbox\Toolboxes\Data Management Tools.tbx\CalculateField" Date="20150113" Time="113059">CalculateField Signs SIGNDESC1 "M 101 (MOON &amp; STARS) SYMBOLS 'DESTINATION' NIGHT SERVICE ONLY (ROUTE/DESTINATION PANEL)" VB #</Process><Process ToolSource="C:\Program Files (x86)\ArcGIS\Desktop10.0\ArcToolbox\Toolboxes\Data Management Tools.tbx\CalculateField" Date="20150113" Time="113410">CalculateField Signs SIGNDESC1 "Left ( [SIGNDESC1],( Instr (1, [SIGNDESC1] , "(SYMBOL)") -2))" VB #</Process><Process ToolSource="C:\Program Files (x86)\ArcGIS\Desktop10.0\ArcToolbox\Toolboxes\Data Management Tools.tbx\CalculateField" Date="20150113" Time="113622">CalculateField Signs SIGNDESC1 "Left ( [SIGNDESC1],( Instr (1, [SIGNDESC1] , "&lt;---") -2))" VB #</Process><Process ToolSource="C:\Program Files (x86)\ArcGIS\Desktop10.0\ArcToolbox\Toolboxes\Data Management Tools.tbx\CalculateField" Date="20150113" Time="113717">CalculateField Signs SIGNDESC1 "Left ( [SIGNDESC1],( Instr (1, [SIGNDESC1] , "&lt;--") -2))" VB #</Process><Process ToolSource="C:\Program Files (x86)\ArcGIS\Desktop10.0\ArcToolbox\Toolboxes\Data Management Tools.tbx\CalculateField" Date="20150113" Time="113808">CalculateField Signs SIGNDESC1 "Left ( [SIGNDESC1],( Instr (1, [SIGNDESC1] , "&lt;--") -2))" VB #</Process><Process ToolSource="C:\Program Files (x86)\ArcGIS\Desktop10.0\ArcToolbox\Toolboxes\Data Management Tools.tbx\CalculateField" Date="20150113" Time="114117">CalculateField Signs SIGNDESC1 "NO PARKING (SANITATION BROOM SYMBOL)11:30AM-1PM FRI" VB #</Process><Process ToolSource="C:\Program Files (x86)\ArcGIS\Desktop10.0\ArcToolbox\Toolboxes\Data Management Tools.tbx\CalculateField" Date="20150113" Time="114202">CalculateField Signs SIGNDESC1 "NO PARKING 7AM-7PM TUES THURS SAT" VB #</Process><Process ToolSource="C:\Program Files (x86)\ArcGIS\Desktop10.0\ArcToolbox\Toolboxes\Data Management Tools.tbx\CalculateField" Date="20150113" Time="114253">CalculateField Signs SIGNDESC1 "NO PARKING 8AM-6PM MON THRU FRI EXCEPT AUTHORIZED VEHICLES" VB #</Process><Process ToolSource="C:\Program Files (x86)\ArcGIS\Desktop10.0\ArcToolbox\Toolboxes\Data Management Tools.tbx\CalculateField" Date="20150113" Time="114351">CalculateField Signs SIGNDESC1 "NO PARKING 8AM-MIDNIGHT INCLUDING SUNDAY" VB #</Process><Process ToolSource="C:\Program Files (x86)\ArcGIS\Desktop10.0\ArcToolbox\Toolboxes\Data Management Tools.tbx\CalculateField" Date="20150113" Time="114443">CalculateField Signs SIGNDESC1 "NO PARKING ANYTIME EXCEPT AUTHORIZED VEHICLES (SINGLE ARROW)" VB #</Process><Process ToolSource="C:\Program Files (x86)\ArcGIS\Desktop10.0\ArcToolbox\Toolboxes\Data Management Tools.tbx\CalculateField" Date="20150113" Time="114537">CalculateField Signs SIGNDESC1 "NO PARKING SAT SUN AND HOLIDAYS" VB #</Process><Process ToolSource="C:\Program Files (x86)\ArcGIS\Desktop10.0\ArcToolbox\Toolboxes\Data Management Tools.tbx\CalculateField" Date="20150113" Time="114642">CalculateField Signs SIGNDESC1 "NO STANDING (SINGLE ARROW) HANDICAP EXPRESS BUS W/ 4 ROUTES" VB #</Process><Process ToolSource="C:\Program Files (x86)\ArcGIS\Desktop10.0\ArcToolbox\Toolboxes\Data Management Tools.tbx\CalculateField" Date="20150113" Time="114745">CalculateField Signs SIGNDESC1 "NO STANDING &lt;-----&gt; HANDICAP EXPRESS BUS (SYMBOL)" VB #</Process><Process ToolSource="C:\Program Files (x86)\ArcGIS\Desktop10.0\ArcToolbox\Toolboxes\Data Management Tools.tbx\CalculateField" Date="20150113" Time="114838">CalculateField Signs SIGNDESC1 "NO STANDING ANYTIME EXCEPT AUTHORIZED VEHICLES" VB #</Process><Process ToolSource="C:\Program Files (x86)\ArcGIS\Desktop10.0\ArcToolbox\Toolboxes\Data Management Tools.tbx\CalculateField" Date="20150113" Time="114946">CalculateField Signs SIGNDESC1 "NO STANDING W/ SINGLE ARROW BUS &amp; HANDICAP (SYMBOLS) HARD HAT (SYMBOL) TEMPORARY CONSTRUCTION REGULATION" VB #</Process><Process ToolSource="C:\Program Files (x86)\ArcGIS\Desktop10.0\ArcToolbox\Toolboxes\Data Management Tools.tbx\CalculateField" Date="20150113" Time="115135">CalculateField Signs SIGNDESC1 "NO STANDING(SINGLE ARROW)HANDICAP BUS(SYMBOL)" VB #</Process><Process ToolSource="C:\Program Files (x86)\ArcGIS\Desktop10.0\ArcToolbox\Toolboxes\Data Management Tools.tbx\CalculateField" Date="20150113" Time="115651">CalculateField Signs SIGNDESC1 "PLAYGROUND (SYMBOL)" VB #</Process><Process ToolSource="C:\Program Files (x86)\ArcGIS\Desktop10.0\ArcToolbox\Toolboxes\Data Management Tools.tbx\CalculateField" Date="20150113" Time="115851">CalculateField Signs SIGNDESC1 "PAY AT MUNI-METER W/ SINGLE ARROW FOR INFORMATION VISIT WWW.NYC.GOV/DOT OR CALL 311 " VB #</Process><Process ToolSource="C:\Program Files (x86)\ArcGIS\Desktop10.0\ArcToolbox\Toolboxes\Data Management Tools.tbx\CalculateField" Date="20150113" Time="120006">CalculateField Signs SIGNDESC1 "BUS LAYOVER AREA NO STANDING 7AM-MIDNIGHT MON THRU FRI W/ SINGLE ARROW NO ENGINE IDLING" VB #</Process><Process ToolSource="C:\Program Files (x86)\ArcGIS\Desktop10.0\ArcToolbox\Toolboxes\Data Management Tools.tbx\CalculateField" Date="20150113" Time="120152">CalculateField Signs SIGNDESC1 ""PAY AT MUNI-METER FOR INFORMATION VISIT WWW.NYC.GOV/DOT OR CALL 311" " VB #</Process><Process ToolSource="C:\Program Files (x86)\ArcGIS\Desktop10.0\ArcToolbox\Toolboxes\Data Management Tools.tbx\CalculateField" Date="20150113" Time="120340">CalculateField Signs SIGNDESC1 "CONSUL / DIPLOMAT CODING RIDER" VB #</Process><Process ToolSource="C:\Program Files (x86)\ArcGIS\Desktop10.0\ArcToolbox\Toolboxes\Data Management Tools.tbx\CalculateField" Date="20150113" Time="120424">CalculateField Signs SIGNDESC1 "CONSUL / DIPLOMAT CODING RIDER" VB #</Process><Process ToolSource="C:\Program Files (x86)\ArcGIS\Desktop10.0\ArcToolbox\Toolboxes\Data Management Tools.tbx\CalculateField" Date="20150113" Time="120556">CalculateField Signs SIGNDESC1 "X 14 10 AVENUE 15 STREET (ROUTE DESTINATION PANEL)" VB #</Process><Process ToolSource="C:\Program Files (x86)\ArcGIS\Desktop10.0\ArcToolbox\Toolboxes\Data Management Tools.tbx\CalculateField" Date="20150113" Time="120629">CalculateField Signs SIGNDESC1 "X 14 10 AVENUE 15 STREET" VB #</Process><Process ToolSource="C:\Program Files (x86)\ArcGIS\Desktop10.0\ArcToolbox\Toolboxes\Data Management Tools.tbx\CalculateField" Date="20150113" Time="120714">CalculateField Signs SIGNDESC1 ""X 14 10 AVENUE 15 STREET (ROUTE DESTINATION PANEL)" " VB #</Process><Process ToolSource="C:\Program Files (x86)\ArcGIS\Desktop10.0\ArcToolbox\Toolboxes\Data Management Tools.tbx\CalculateField" Date="20150113" Time="120825">CalculateField Signs SIGNDESC1 "NO STANDING ANYTIME &lt;---&gt; HARD HAT (SYMBOL) TEMPORARY CONSTRUCTION REGULATION " VB #</Process><Process ToolSource="C:\Program Files (x86)\ArcGIS\Desktop10.0\ArcToolbox\Toolboxes\Data Management Tools.tbx\CalculateField" Date="20150113" Time="120900">CalculateField Signs SIGNDESC1 "NO STANDING ANYTIME &lt;---&gt; HARD HAT (SYMBOL) " VB #</Process><Process ToolSource="C:\Program Files (x86)\ArcGIS\Desktop10.0\ArcToolbox\Toolboxes\Data Management Tools.tbx\CalculateField" Date="20150113" Time="120950">CalculateField Signs SIGNDESC1 "TRUCK (SYMBOL) TRUCK LOADING ONLY 9AM-7PM EXCEPT SUNDAY" VB #</Process><Process ToolSource="C:\Program Files (x86)\ArcGIS\Desktop10.0\ArcToolbox\Toolboxes\Data Management Tools.tbx\CalculateField" Date="20150113" Time="121032">CalculateField Signs SIGNDESC1 "4PM-7PM MON THRU FRI" VB #</Process><Process ToolSource="C:\Program Files (x86)\ArcGIS\Desktop10.0\ArcToolbox\Toolboxes\Data Management Tools.tbx\CalculateField" Date="20150113" Time="121116">CalculateField Signs SIGNDESC1 "CONSUL / DIPLOMAT CODING RIDER" VB #</Process><Process ToolSource="C:\Program Files (x86)\ArcGIS\Desktop10.0\ArcToolbox\Toolboxes\Data Management Tools.tbx\CalculateField" Date="20150113" Time="121153">CalculateField Signs SIGNDESC1 "PICK UP &amp; DROP OFF ONLY" VB #</Process><Process ToolSource="C:\Program Files (x86)\ArcGIS\Desktop10.0\ArcToolbox\Toolboxes\Data Management Tools.tbx\CalculateField" Date="20150113" Time="121256">CalculateField Signs SIGNDESC1 "NO STANDING&lt;----&gt;HANDICAP BUS STOP(SYMBOL) W/4 ROUTES " VB #</Process><Process ToolSource="C:\Program Files (x86)\ArcGIS\Desktop10.0\ArcToolbox\Toolboxes\Data Management Tools.tbx\CalculateField" Date="20150113" Time="133309">CalculateField Signs SIGNDESC1 "DROP-OFF AND PICK-UP ONLY" VB #</Process><Process ToolSource="C:\Program Files (x86)\ArcGIS\Desktop10.0\ArcToolbox\Toolboxes\Data Management Tools.tbx\CalculateField" Date="20150113" Time="133402">CalculateField Signs SIGNDESC1 "RED ZONE DIAMOND CHAIN (DIAMOND SYMBOL) BUS (DIAMOND SYMBOL) LANE TOW &amp; FINE" VB #</Process><Process ToolSource="C:\Program Files (x86)\ArcGIS\Desktop10.0\ArcToolbox\Toolboxes\Data Management Tools.tbx\CalculateField" Date="20150113" Time="133531">CalculateField Signs SIGNDESC1 "PAY AT MUNI-METER LOCATED AROUND THE CORNER" VB #</Process><Process ToolSource="C:\Program Files (x86)\ArcGIS\Desktop10.0\ArcToolbox\Toolboxes\Data Management Tools.tbx\CalculateField" Date="20150113" Time="133835">CalculateField Signs SIGNDESC1 "1 HOUR METERED PARKING 8:30AM-7PM EXCEPT SUNDAY" VB #</Process><Process ToolSource="C:\Program Files (x86)\ArcGIS\Desktop10.0\ArcToolbox\Toolboxes\Data Management Tools.tbx\CalculateField" Date="20150113" Time="134340">CalculateField Signs SIGNDESC1 "TRUCK (SYMBOL) TRUCK LOADING ONLY MONDAY-FRIDAY NOON-2PM -- 1 HMP MONDAY-FRIDAY 8:30AM-NOON 2PM-7PM SATURDAY 8:30AM-7PM" VB #</Process><Process ToolSource="C:\Program Files (x86)\ArcGIS\Desktop10.0\ArcToolbox\Toolboxes\Data Management Tools.tbx\CalculateField" Date="20150113" Time="134452">CalculateField Signs SIGNDESC1 "TRUCK (SYMBOL) TRUCK LOADING ONLY MONDAY-FRIDAY NOON-2PM -- 2 HMP MONDAY-FRIDAY 8:30AM-NOON 2PM-7PM SATURDAY 8:30AM-7PM" VB #</Process><Process ToolSource="C:\Program Files (x86)\ArcGIS\Desktop10.0\ArcToolbox\Toolboxes\Data Management Tools.tbx\CalculateField" Date="20150113" Time="134536">CalculateField Signs SIGNDESC1 "1 HMP COMMERCIAL VEHICLES ONLY OTHERS NO STANDING MONDAY-FRIDAY 8AM-11AM -- 1 HMP MONDAY-FRIDAY 11AM-7PM SATURDAY 8AM-7PM" VB #</Process><Process ToolSource="C:\Program Files (x86)\ArcGIS\Desktop10.0\ArcToolbox\Toolboxes\Data Management Tools.tbx\CalculateField" Date="20150113" Time="135149">CalculateField Signs SIGNDESC1 "Left ( [SIGNDESC1],( Instr (1, [SIGNDESC1] , "-----&gt;") -2))" VB #</Process><Process ToolSource="C:\Program Files (x86)\ArcGIS\Desktop10.0\ArcToolbox\Toolboxes\Data Management Tools.tbx\CalculateField" Date="20150113" Time="135404">CalculateField Signs SIGNDESC1 "Left ( [SIGNDESC1],( Instr (1, [SIGNDESC1] , "&lt;----&gt;") -2))" VB #</Process><Process ToolSource="C:\Program Files (x86)\ArcGIS\Desktop10.0\ArcToolbox\Toolboxes\Data Management Tools.tbx\CalculateField" Date="20150113" Time="135646">CalculateField Signs SIGNDESC1 "Left ( [SIGNDESC1],( Instr (1, [SIGNDESC1] , "&lt;---&gt;") -2))" VB #</Process><Process ToolSource="C:\Program Files (x86)\ArcGIS\Desktop10.0\ArcToolbox\Toolboxes\Data Management Tools.tbx\CalculateField" Date="20150113" Time="135755">CalculateField Signs SIGNDESC1 "Left ( [SIGNDESC1],( Instr (1, [SIGNDESC1] , "--&gt;") -2))" VB #</Process><Process ToolSource="C:\Program Files (x86)\ArcGIS\Desktop10.0\ArcToolbox\Toolboxes\Data Management Tools.tbx\CalculateField" Date="20150113" Time="135844">CalculateField Signs SIGNDESC1 "Left ( [SIGNDESC1],( Instr (1, [SIGNDESC1] , "&lt;--") -2))" VB #</Process><Process ToolSource="C:\Program Files (x86)\ArcGIS\Desktop10.0\ArcToolbox\Toolboxes\Data Management Tools.tbx\CalculateField" Date="20150113" Time="135927">CalculateField Signs SIGNDESC1 "Left ( [SIGNDESC1],( Instr (1, [SIGNDESC1] , "---") -2))" VB #</Process><Process ToolSource="C:\Program Files (x86)\ArcGIS\Desktop10.0\ArcToolbox\Toolboxes\Data Management Tools.tbx\CalculateField" Date="20150113" Time="140305">CalculateField Signs SIGNDESC1 "Left ( [SIGNDESC1],( Instr (1, [SIGNDESC1] , "&lt;-") -2))" VB #</Process><Process ToolSource="C:\Program Files (x86)\ArcGIS\Desktop10.0\ArcToolbox\Toolboxes\Data Management Tools.tbx\CalculateField" Date="20150113" Time="140408">CalculateField Signs SIGNDESC1 "NO STANDING 7AM-10AM 2PM-7PM M-F 3 HR LIMIT COMMERCIAL VEHICLES METERED PARKING 10AM-2PM M-F -- METERED PARKING 1 HR LIMIT 7PM-10PM M-F 9AM-10PM SAT" VB #</Process><Process ToolSource="C:\Program Files (x86)\ArcGIS\Desktop10.0\ArcToolbox\Toolboxes\Data Management Tools.tbx\CalculateField" Date="20150113" Time="140502">CalculateField Signs SIGNDESC1 "Left ( [SIGNDESC1],( Instr (1, [SIGNDESC1] , "&lt;") -2))" VB #</Process></lineage><copyHistory><copy source="G:\PROJECTS\Parking gdb\Jan2015\ParkingRegulations_WGS84\Parking_Regulations_WGS84" dest="\\DOT-6JVYQH1\Parking_Regulation_Shapefile\Parking-Regulation_Shapefile\Parking_Regulations_WGS84" date="20150114" time="08322700"></copy></copyHistory></DataProperties><SyncDate>20130104</SyncDate><SyncTime>08080100</SyncTime><ModDate>20130104</ModDate><ModTime>08080100</ModTime><ArcGISstyle>XTools Pro Metadata</ArcGISstyle></Esri><dataIdInfo><envirDesc Sync="TRUE">Microsoft Windows Server 2008 R2 Version 6.1 (Build 7601) Service Pack 1; Esri ArcGIS 10.1.0.3035</envirDesc><dataLang><languageCode value="eng" Sync="TRUE"></languageCode><countryCode value="USA" Sync="TRUE"></countryCode></dataLang><idCitation><resTitle Sync="TRUE">Signs</resTitle><presForm><PresFormCd value="005" Sync="TRUE"></PresFormCd></presForm></idCitation><spatRpType><SpatRepTypCd value="001" Sync="TRUE"></SpatRepTypCd></spatRpType></dataIdInfo><mdLang><languageCode value="eng" Sync="TRUE"></languageCode><countryCode value="USA" Sync="TRUE"></countryCode></mdLang><distInfo><distFormat><formatName Sync="TRUE">File Geodatabase Feature Class</formatName></distFormat></distInfo><mdHrLv><ScopeCd value="005" Sync="TRUE"></ScopeCd></mdHrLv><mdHrLvName Sync="TRUE">dataset</mdHrLvName><refSysInfo><RefSystem><refSysID><identCode code="2263" Sync="TRUE"></identCode><idCodeSpace Sync="TRUE">EPSG</idCodeSpace><idVersion Sync="TRUE">7.9.4</idVersion></refSysID></RefSystem></refSysInfo><spatRepInfo><VectSpatRep><geometObjs Name="Signs"><geoObjTyp><GeoObjTypCd value="004" Sync="TRUE"></GeoObjTypCd></geoObjTyp><geoObjCnt Sync="TRUE">0</geoObjCnt></geometObjs><topLvl><TopoLevCd value="001" Sync="TRUE"></TopoLevCd></topLvl></VectSpatRep></spatRepInfo><spdoinfo><ptvctinf><esriterm Name="Signs"><efeatyp Sync="TRUE">Simple</efeatyp><efeageom code="1" Sync="TRUE"></efeageom><esritopo Sync="TRUE">FALSE</esritopo><efeacnt Sync="TRUE">0</efeacnt><spindex Sync="TRUE">TRUE</spindex><linrefer Sync="TRUE">FALSE</linrefer></esriterm></ptvctinf></spdoinfo><eainfo><detailed Name="Signs"><enttyp><enttypl Sync="TRUE">Signs</enttypl><enttypt Sync="TRUE">Feature Class</enttypt><enttypc Sync="TRUE">0</enttypc></enttyp><attr><attrlabl Sync="TRUE">OBJECTID</attrlabl><attalias Sync="TRUE">OBJECTID</attalias><attrtype Sync="TRUE">OID</attrtype><attwidth Sync="TRUE">4</attwidth><atprecis Sync="TRUE">0</atprecis><attscale Sync="TRUE">0</attscale><attrdef Sync="TRUE">Internal feature number.</attrdef><attrdefs Sync="TRUE">Esri</attrdefs><attrdomv><udom Sync="TRUE">Sequential unique whole numbers that are automatically generated.</udom></attrdomv></attr><attr><attrlabl Sync="TRUE">Shape</attrlabl><attalias Sync="TRUE">Shape</attalias><attrtype Sync="TRUE">Geometry</attrtype><attwidth Sync="TRUE">0</attwidth><atprecis Sync="TRUE">0</atprecis><attscale Sync="TRUE">0</attscale><attrdef Sync="TRUE">Feature geometry.</attrdef><attrdefs Sync="TRUE">Esri</attrdefs><attrdomv><udom Sync="TRUE">Coordinates defining the features.</udom></attrdomv></attr><attr><attrlabl Sync="TRUE">SG_KEY_BORO</attrlabl><attalias Sync="TRUE">SG_KEY_BORO</attalias><attrtype Sync="TRUE">String</attrtype><attwidth Sync="TRUE">1</attwidth><atprecis Sync="TRUE">0</atprecis><attscale Sync="TRUE">0</attscale></attr><attr><attrlabl Sync="TRUE">SG_KEY_RECTP</attrlabl><attalias Sync="TRUE">SG_KEY_RECTP</attalias><attrtype Sync="TRUE">String</attrtype><attwidth Sync="TRUE">1</attwidth><atprecis Sync="TRUE">0</atprecis><attscale Sync="TRUE">0</attscale></attr><attr><attrlabl Sync="TRUE">SG_ORDER_NUM</attrlabl><attalias Sync="TRUE">SG_ORDER_NUM</attalias><attrtype Sync="TRUE">String</attrtype><attwidth Sync="TRUE">8</attwidth><atprecis Sync="TRUE">0</atprecis><attscale Sync="TRUE">0</attscale></attr><attr><attrlabl Sync="TRUE">SG_SEQNO_NUM</attrlabl><attalias Sync="TRUE">SG_SEQNO_NUM</attalias><attrtype Sync="TRUE">String</attrtype><attwidth Sync="TRUE">2</attwidth><atprecis Sync="TRUE">0</atprecis><attscale Sync="TRUE">0</attscale></attr><attr><attrlabl Sync="TRUE">SG_MUTCD_CODE</attrlabl><attalias Sync="TRUE">SG_MUTCD_CODE</attalias><attrtype Sync="TRUE">String</attrtype><attwidth Sync="TRUE">10</attwidth><atprecis Sync="TRUE">0</atprecis><attscale Sync="TRUE">0</attscale></attr><attr><attrlabl Sync="TRUE">SG_DIRFRM_INTX</attrlabl><attalias Sync="TRUE">SG_DIRFRM_INTX</attalias><attrtype Sync="TRUE">String</attrtype><attwidth Sync="TRUE">5</attwidth><atprecis Sync="TRUE">0</atprecis><attscale Sync="TRUE">0</attscale></attr><attr><attrlabl Sync="TRUE">SR_DISTX</attrlabl><attalias Sync="TRUE">SR_DISTX</attalias><attrtype Sync="TRUE">String</attrtype><attwidth Sync="TRUE">5</attwidth><atprecis Sync="TRUE">0</atprecis><attscale Sync="TRUE">0</attscale></attr><attr><attrlabl Sync="TRUE">SR_DIST</attrlabl><attalias Sync="TRUE">SR_DIST</attalias><attrtype Sync="TRUE">String</attrtype><attwidth Sync="TRUE">5</attwidth><atprecis Sync="TRUE">0</atprecis><attscale Sync="TRUE">0</attscale></attr><attr><attrlabl Sync="TRUE">SG_SIGN_FCNG</attrlabl><attalias Sync="TRUE">SG_SIGN_FCNG</attalias><attrtype Sync="TRUE">String</attrtype><attwidth Sync="TRUE">3</attwidth><atprecis Sync="TRUE">0</atprecis><attscale Sync="TRUE">0</attscale></attr><attr><attrlabl Sync="TRUE">SG_ARROW_DATA</attrlabl><attalias Sync="TRUE">SG_ARROW_DATA</attalias><attrtype Sync="TRUE">String</attrtype><attwidth Sync="TRUE">3</attwidth><atprecis Sync="TRUE">0</atprecis><attscale Sync="TRUE">0</attscale></attr><attr><attrlabl Sync="TRUE">SG_SPRT_TYPE</attrlabl><attalias Sync="TRUE">SG_SPRT_TYPE</attalias><attrtype Sync="TRUE">String</attrtype><attwidth Sync="TRUE">5</attwidth><atprecis Sync="TRUE">0</atprecis><attscale Sync="TRUE">0</attscale></attr><attr><attrlabl Sync="TRUE">SG_DATE_LSTFC</attrlabl><attalias Sync="TRUE">SG_DATE_LSTFC</attalias><attrtype Sync="TRUE">String</attrtype><attwidth Sync="TRUE">6</attwidth><atprecis Sync="TRUE">0</atprecis><attscale Sync="TRUE">0</attscale></attr><attr><attrlabl Sync="TRUE">SG_FACE_MATRL</attrlabl><attalias Sync="TRUE">SG_FACE_MATRL</attalias><attrtype Sync="TRUE">String</attrtype><attwidth Sync="TRUE">4</attwidth><atprecis Sync="TRUE">0</atprecis><attscale Sync="TRUE">0</attscale></attr><attr><attrlabl Sync="TRUE">SG_EXPCT_LIFE</attrlabl><attalias Sync="TRUE">SG_EXPCT_LIFE</attalias><attrtype Sync="TRUE">String</attrtype><attwidth Sync="TRUE">4</attwidth><atprecis Sync="TRUE">0</atprecis><attscale Sync="TRUE">0</attscale></attr><attr><attrlabl Sync="TRUE">SG_SIGN_COND</attrlabl><attalias Sync="TRUE">SG_SIGN_COND</attalias><attrtype Sync="TRUE">String</attrtype><attwidth Sync="TRUE">1</attwidth><atprecis Sync="TRUE">0</atprecis><attscale Sync="TRUE">0</attscale></attr><attr><attrlabl Sync="TRUE">SG_POST_COND</attrlabl><attalias Sync="TRUE">SG_POST_COND</attalias><attrtype Sync="TRUE">String</attrtype><attwidth Sync="TRUE">1</attwidth><atprecis Sync="TRUE">0</atprecis><attscale Sync="TRUE">0</attscale></attr><attr><attrlabl Sync="TRUE">SG_LAST_SWORK</attrlabl><attalias Sync="TRUE">SG_LAST_SWORK</attalias><attrtype Sync="TRUE">String</attrtype><attwidth Sync="TRUE">1</attwidth><atprecis Sync="TRUE">0</atprecis><attscale Sync="TRUE">0</attscale></attr><attr><attrlabl Sync="TRUE">SG_LAST_PWORK</attrlabl><attalias Sync="TRUE">SG_LAST_PWORK</attalias><attrtype Sync="TRUE">String</attrtype><attwidth Sync="TRUE">1</attwidth><atprecis Sync="TRUE">0</atprecis><attscale Sync="TRUE">0</attscale></attr><attr><attrlabl Sync="TRUE">SG_NOTES</attrlabl><attalias Sync="TRUE">SG_NOTES</attalias><attrtype Sync="TRUE">String</attrtype><attwidth Sync="TRUE">2</attwidth><atprecis Sync="TRUE">0</atprecis><attscale Sync="TRUE">0</attscale></attr><attr><attrlabl Sync="TRUE">SG_INSERT</attrlabl><attalias Sync="TRUE">SG_INSERT</attalias><attrtype Sync="TRUE">String</attrtype><attwidth Sync="TRUE">1</attwidth><atprecis Sync="TRUE">0</atprecis><attscale Sync="TRUE">0</attscale></attr><attr><attrlabl Sync="TRUE">SG_RIDER</attrlabl><attalias Sync="TRUE">SG_RIDER</attalias><attrtype Sync="TRUE">String</attrtype><attwidth Sync="TRUE">1</attwidth><atprecis Sync="TRUE">0</atprecis><attscale Sync="TRUE">0</attscale></attr><attr><attrlabl Sync="TRUE">SG_SPECIAL</attrlabl><attalias Sync="TRUE">SG_SPECIAL</attalias><attrtype Sync="TRUE">String</attrtype><attwidth Sync="TRUE">1</attwidth><atprecis Sync="TRUE">0</atprecis><attscale Sync="TRUE">0</attscale></attr><attr><attrlabl Sync="TRUE">SG_ROLL_NUM</attrlabl><attalias Sync="TRUE">SG_ROLL_NUM</attalias><attrtype Sync="TRUE">String</attrtype><attwidth Sync="TRUE">4</attwidth><atprecis Sync="TRUE">0</atprecis><attscale Sync="TRUE">0</attscale></attr><attr><attrlabl Sync="TRUE">SR_INSTALLED_FLAG</attrlabl><attalias Sync="TRUE">SR_INSTALLED_FLAG</attalias><attrtype Sync="TRUE">String</attrtype><attwidth Sync="TRUE">1</attwidth><atprecis Sync="TRUE">0</atprecis><attscale Sync="TRUE">0</attscale></attr><attr><attrlabl Sync="TRUE">SG_NWRPLC_FLAG</attrlabl><attalias Sync="TRUE">SG_NWRPLC_FLAG</attalias><attrtype Sync="TRUE">String</attrtype><attwidth Sync="TRUE">1</attwidth><atprecis Sync="TRUE">0</atprecis><attscale Sync="TRUE">0</attscale></attr><attr><attrlabl Sync="TRUE">SR_DATE_INSTALLED</attrlabl><attalias Sync="TRUE">SR_DATE_INSTALLED</attalias><attrtype Sync="TRUE">String</attrtype><attwidth Sync="TRUE">6</attwidth><atprecis Sync="TRUE">0</atprecis><attscale Sync="TRUE">0</attscale></attr><attr><attrlabl Sync="TRUE">x</attrlabl><attalias Sync="TRUE">x</attalias><attrtype Sync="TRUE">Double</attrtype><attwidth Sync="TRUE">8</attwidth><atprecis Sync="TRUE">0</atprecis><attscale Sync="TRUE">0</attscale></attr><attr><attrlabl Sync="TRUE">y</attrlabl><attalias Sync="TRUE">y</attalias><attrtype Sync="TRUE">Double</attrtype><attwidth Sync="TRUE">8</attwidth><atprecis Sync="TRUE">0</atprecis><attscale Sync="TRUE">0</attscale></attr><attr><attrlabl Sync="TRUE">SPRT_ID</attrlabl><attalias Sync="TRUE">SPRT_ID</attalias><attrtype Sync="TRUE">String</attrtype><attwidth Sync="TRUE">50</attwidth><atprecis Sync="TRUE">0</atprecis><attscale Sync="TRUE">0</attscale></attr><attr><attrlabl Sync="TRUE">SIGNSIZE</attrlabl><attalias Sync="TRUE">SIGNSIZE</attalias><attrtype Sync="TRUE">String</attrtype><attwidth Sync="TRUE">50</attwidth><atprecis Sync="TRUE">0</atprecis><attscale Sync="TRUE">0</attscale></attr><attr><attrlabl Sync="TRUE">SIGNDESC</attrlabl><attalias Sync="TRUE">SIGNDESC</attalias><attrtype Sync="TRUE">String</attrtype><attwidth Sync="TRUE">255</attwidth><atprecis Sync="TRUE">0</atprecis><attscale Sync="TRUE">0</attscale></attr><attr><attrlabl Sync="TRUE">Notes</attrlabl><attalias Sync="TRUE">Notes</attalias><attrtype Sync="TRUE">String</attrtype><attwidth Sync="TRUE">255</attwidth><atprecis Sync="TRUE">0</atprecis><attscale Sync="TRUE">0</attscale></attr><attr><attrlabl Sync="TRUE">MatchScore</attrlabl><attalias Sync="TRUE">MatchScore</attalias><attrtype Sync="TRUE">SmallInteger</attrtype><attwidth Sync="TRUE">2</attwidth><atprecis Sync="TRUE">0</atprecis><attscale Sync="TRUE">0</attscale></attr></detailed></eainfo><mdDateSt Sync="TRUE">20130104</mdDateSt></metadata>
